Date,City,AQI,PM25,PM10,CO2,Water_Pollution,Waste_Tons,Recycling_Percent,Temperature,Rainfall,Renewable_Energy_Percent
2021-01-01,Delhi,449,250,350,475,69,231,33,25.5,85,22
2021-01-01,Noida,400,216,289,492,68,250,34,33.9,70,18
2021-01-01,Ghaziabad,367,201,261,516,67,355,38,33.4,88,32
2021-01-01,Greater Noida,370,206,280,471,59,246,36,35.7,65,27
2021-01-01,Hapur,393,222,291,482,73,256,27,23.0,102,29
2021-01-01,Meerut,330,186,247,520,60,288,37,26.0,180,29
2021-01-01,Rohtak,348,182,275,437,56,210,21,21.6,28,31
2021-01-01,Lucknow,349,196,263,461,62,268,22,28.7,62,24
2021-01-01,Kanpur,303,176,225,502,64,174,31,27.0,93,12
2021-01-01,Varanasi,346,186,249,458,76,252,35,33.1,80,22
2021-01-01,Kolkata,267,155,198,469,54,277,34,23.0,84,19
2021-01-01,Mumbai,240,132,169,409,71,224,26,28.3,110,24
2021-01-01,Bangalore,235,127,163,459,60,252,29,23.2,53,31
2021-01-01,Pune,216,117,160,459,68,279,29,19.2,54,27
2021-01-01,Hyderabad,204,114,151,433,70,279,35,23.0,72,18
2021-02-01,Delhi,300,170,211,456,68,324,25,23.1,98,30
2021-02-01,Noida,282,148,214,464,87,218,32,26.1,40,31
2021-02-01,Ghaziabad,303,164,216,384,71,293,22,18.0,103,27
2021-02-01,Greater Noida,273,138,195,426,63,289,28,33.4,49,20
2021-02-01,Hapur,274,160,219,461,52,310,28,24.7,76,14
2021-02-01,Meerut,250,137,182,453,67,251,25,24.4,69,31
2021-02-01,Rohtak,266,147,184,414,68,276,46,32.6,73,18
2021-02-01,Lucknow,244,134,179,353,58,196,29,31.7,101,21
2021-02-01,Kanpur,212,121,145,453,69,206,39,22.4,130,26
2021-02-01,Varanasi,195,118,132,416,71,212,24,17.2,109,21
2021-02-01,Kolkata,222,132,154,462,58,235,24,14.2,111,29
2021-02-01,Mumbai,208,116,153,415,63,283,37,23.9,79,20
2021-02-01,Bangalore,135,63,115,485,78,306,31,23.5,46,27
2021-02-01,Pune,172,89,132,499,87,190,26,28.2,127,27
2021-02-01,Hyderabad,167,97,110,464,60,284,34,21.1,92,24
2021-03-01,Delhi,315,169,227,409,73,221,39,25.9,34,25
2021-03-01,Noida,322,175,250,459,65,353,30,29.1,1,26
2021-03-01,Ghaziabad,304,161,233,420,73,274,33,24.3,91,28
2021-03-01,Greater Noida,308,178,235,480,74,234,32,19.6,52,29
2021-03-01,Hapur,286,149,211,542,79,237,37,29.1,87,23
2021-03-01,Meerut,256,133,180,448,69,289,29,24.0,87,20
2021-03-01,Rohtak,257,133,179,424,55,228,34,24.0,110,13
2021-03-01,Lucknow,290,163,222,431,74,300,32,30.9,159,12
2021-03-01,Kanpur,283,165,200,471,65,220,40,21.4,76,17
2021-03-01,Varanasi,219,128,167,389,75,249,32,29.2,123,16
2021-03-01,Kolkata,241,121,175,529,59,191,32,31.1,64,21
2021-03-01,Mumbai,224,121,173,484,66,321,28,35.1,83,34
2021-03-01,Bangalore,156,80,104,445,67,297,37,21.9,18,16
2021-03-01,Pune,174,100,118,389,52,264,29,29.9,60,25
2021-03-01,Hyderabad,176,93,118,439,68,229,31,26.2,133,26
2021-04-01,Delhi,360,195,274,484,66,245,36,27.3,75,22
2021-04-01,Noida,305,158,216,455,68,264,40,27.3,115,31
2021-04-01,Ghaziabad,292,158,210,484,52,230,34,30.4,69,20
2021-04-01,Greater Noida,296,157,219,458,66,314,35,36.9,106,18
2021-04-01,Hapur,305,174,226,446,56,212,27,23.5,52,22
2021-04-01,Meerut,322,174,254,451,53,263,33,27.7,87,32
2021-04-01,Rohtak,254,128,196,488,63,273,27,20.9,76,18
2021-04-01,Lucknow,280,161,195,495,64,197,34,29.7,69,33
2021-04-01,Kanpur,293,172,210,425,58,264,22,28.4,50,30
2021-04-01,Varanasi,225,130,157,475,61,229,33,18.1,110,19
2021-04-01,Kolkata,296,170,231,441,66,275,34,21.3,102,21
2021-04-01,Mumbai,162,95,126,458,53,298,30,31.3,61,28
2021-04-01,Bangalore,120,74,76,428,57,283,27,26.5,40,17
2021-04-01,Pune,181,99,143,511,63,262,34,26.5,51,19
2021-04-01,Hyderabad,172,96,128,423,59,205,24,19.0,41,17
2021-05-01,Delhi,332,190,236,440,59,320,38,25.3,120,19
2021-05-01,Noida,321,184,249,415,62,289,39,29.9,113,20
2021-05-01,Ghaziabad,295,153,227,455,60,304,31,26.4,0,34
2021-05-01,Greater Noida,288,154,212,441,51,241,32,27.1,124,31
2021-05-01,Hapur,321,184,237,460,69,204,36,20.5,37,28
2021-05-01,Meerut,265,152,207,416,76,280,32,14.8,21,27
2021-05-01,Rohtak,261,140,187,512,42,264,32,21.1,95,31
2021-05-01,Lucknow,226,113,154,467,70,219,24,22.3,81,33
2021-05-01,Kanpur,256,133,190,471,67,294,34,22.5,104,29
2021-05-01,Varanasi,266,138,189,455,79,253,30,25.3,110,28
2021-05-01,Kolkata,274,160,200,387,65,266,29,29.7,106,25
2021-05-01,Mumbai,251,133,193,486,64,241,26,22.8,126,18
2021-05-01,Bangalore,121,74,102,445,56,298,30,34.3,91,32
2021-05-01,Pune,201,114,148,452,53,278,14,24.0,125,14
2021-05-01,Hyderabad,194,102,148,456,67,267,32,26.3,85,23
2021-06-01,Delhi,311,174,229,504,62,301,24,29.3,126,29
2021-06-01,Noida,249,136,180,508,68,238,32,24.1,33,19
2021-06-01,Ghaziabad,288,155,228,445,51,269,31,31.2,82,20
2021-06-01,Greater Noida,245,129,172,475,74,247,22,29.8,0,23
2021-06-01,Hapur,291,165,224,477,69,260,37,27.1,40,13
2021-06-01,Meerut,254,129,197,455,52,220,33,24.3,97,28
2021-06-01,Rohtak,219,126,154,447,64,319,31,15.5,118,22
2021-06-01,Lucknow,221,116,169,440,60,234,36,26.7,108,27
2021-06-01,Kanpur,255,132,197,396,63,256,34,26.1,6,16
2021-06-01,Varanasi,193,105,141,441,72,322,33,26.8,124,20
2021-06-01,Kolkata,253,147,202,455,76,222,44,29.6,107,16
2021-06-01,Mumbai,233,135,183,448,66,252,18,19.4,80,27
2021-06-01,Bangalore,123,77,102,409,60,267,30,24.1,55,28
2021-06-01,Pune,164,94,116,519,64,210,30,22.1,37,29
2021-06-01,Hyderabad,158,82,119,445,66,304,25,23.1,100,8
2021-07-01,Delhi,274,159,217,434,62,231,30,31.8,36,27
2021-07-01,Noida,297,153,233,383,65,266,38,25.2,129,15
2021-07-01,Ghaziabad,259,135,193,493,48,249,35,18.0,81,15
2021-07-01,Greater Noida,209,109,169,420,60,210,34,21.1,62,29
2021-07-01,Hapur,285,145,215,454,67,344,30,20.0,24,12
2021-07-01,Meerut,243,144,186,431,67,275,29,27.0,77,18
2021-07-01,Rohtak,255,145,186,485,56,218,34,23.4,0,25
2021-07-01,Lucknow,240,127,193,456,63,305,35,17.7,90,23
2021-07-01,Kanpur,245,123,182,455,70,265,28,24.7,78,21
2021-07-01,Varanasi,224,116,160,445,67,260,42,21.1,139,16
2021-07-01,Kolkata,214,117,164,404,73,291,27,29.0,70,18
2021-07-01,Mumbai,149,90,104,379,78,245,30,22.2,97,24
2021-07-01,Bangalore,115,54,72,466,62,281,25,24.6,94,31
2021-07-01,Pune,175,96,137,467,64,241,25,18.8,98,23
2021-07-01,Hyderabad,176,96,138,465,60,262,28,23.2,43,28
2021-08-01,Delhi,274,139,217,472,64,274,30,26.5,94,21
2021-08-01,Noida,279,150,200,416,57,204,35,23.3,89,25
2021-08-01,Ghaziabad,308,173,236,455,62,244,33,27.0,121,19
2021-08-01,Greater Noida,304,175,223,478,71,193,24,27.5,94,20
2021-08-01,Hapur,301,164,210,418,66,254,37,25.6,145,28
2021-08-01,Meerut,273,159,195,414,67,350,34,22.8,132,24
2021-08-01,Rohtak,228,130,180,437,71,312,21,26.5,142,27
2021-08-01,Lucknow,298,173,210,429,66,287,29,29.3,177,29
2021-08-01,Kanpur,217,117,148,438,62,317,29,28.2,145,23
2021-08-01,Varanasi,217,112,152,491,69,311,34,23.0,72,30
2021-08-01,Kolkata,195,108,144,514,68,248,27,21.1,115,26
2021-08-01,Mumbai,175,102,137,404,75,258,28,24.3,95,23
2021-08-01,Bangalore,151,81,113,460,67,278,38,33.2,97,17
2021-08-01,Pune,186,98,153,437,69,210,31,17.4,55,31
2021-08-01,Hyderabad,199,98,158,449,58,286,35,23.3,68,27
2021-09-01,Delhi,306,179,214,453,68,255,19,27.6,86,14
2021-09-01,Noida,310,168,232,479,65,247,31,26.9,31,25
2021-09-01,Ghaziabad,285,158,210,510,69,212,29,28.7,64,18
2021-09-01,Greater Noida,228,113,168,444,64,356,36,16.9,88,20
2021-09-01,Hapur,236,119,190,441,61,288,30,28.6,139,29
2021-09-01,Meerut,224,129,153,430,62,279,18,25.8,124,18
2021-09-01,Rohtak,205,117,145,429,65,238,36,28.7,140,21
2021-09-01,Lucknow,227,124,177,458,61,332,31,28.6,164,22
2021-09-01,Kanpur,267,148,192,403,61,255,35,23.1,136,33
2021-09-01,Varanasi,248,147,186,429,60,236,20,28.7,120,31
2021-09-01,Kolkata,243,136,180,443,71,232,40,30.9,45,22
2021-09-01,Mumbai,172,86,139,461,65,271,33,25.1,115,26
2021-09-01,Bangalore,202,112,136,453,63,227,26,28.0,16,27
2021-09-01,Pune,169,98,115,427,75,201,26,34.7,53,11
2021-09-01,Hyderabad,160,79,111,468,73,260,35,24.9,64,25
2021-10-01,Delhi,302,168,223,401,64,191,40,23.6,112,36
2021-10-01,Noida,277,146,212,375,70,270,19,33.0,91,18
2021-10-01,Ghaziabad,305,170,223,427,76,323,32,30.1,7,21
2021-10-01,Greater Noida,226,127,163,442,68,267,35,29.6,199,24
2021-10-01,Hapur,232,125,182,453,68,250,23,20.6,13,36
2021-10-01,Meerut,212,108,166,516,68,353,33,16.5,34,17
2021-10-01,Rohtak,236,138,166,421,64,279,33,34.9,106,17
2021-10-01,Lucknow,223,125,172,443,69,274,35,27.1,109,30
2021-10-01,Kanpur,276,151,215,460,70,291,23,27.6,51,34
2021-10-01,Varanasi,226,128,171,460,54,276,35,28.1,73,26
2021-10-01,Kolkata,202,118,158,400,71,265,39,13.8,130,38
2021-10-01,Mumbai,197,102,150,517,71,244,33,25.7,17,37
2021-10-01,Bangalore,170,82,133,442,64,316,40,26.1,109,22
2021-10-01,Pune,187,112,126,437,71,286,33,28.4,89,20
2021-10-01,Hyderabad,202,118,139,493,65,255,25,25.2,48,30
2021-11-01,Delhi,463,246,337,459,74,258,27,30.0,109,26
2021-11-01,Noida,427,245,319,417,65,235,26,21.9,67,19
2021-11-01,Ghaziabad,409,222,302,417,55,279,28,25.8,145,21
2021-11-01,Greater Noida,382,202,288,445,56,274,28,27.6,81,22
2021-11-01,Hapur,413,218,299,442,70,272,34,24.1,51,25
2021-11-01,Meerut,370,192,273,440,56,254,23,23.5,40,18
2021-11-01,Rohtak,357,206,258,444,62,172,33,26.6,63,17
2021-11-01,Lucknow,334,192,236,437,47,264,39,26.7,59,33
2021-11-01,Kanpur,300,163,210,504,67,149,40,26.2,103,11
2021-11-01,Varanasi,280,160,195,484,60,243,37,23.4,132,30
2021-11-01,Kolkata,306,158,240,420,60,233,30,20.1,88,23
2021-11-01,Mumbai,235,129,162,377,63,284,31,14.2,76,18
2021-11-01,Bangalore,246,140,181,488,52,358,34,32.7,129,20
2021-11-01,Pune,232,126,167,459,85,295,29,20.9,54,25
2021-11-01,Hyderabad,292,161,233,471,60,245,38,23.6,64,25
2021-12-01,Delhi,394,211,308,445,78,281,24,22.3,51,29
2021-12-01,Noida,360,188,264,482,62,315,31,20.6,123,28
2021-12-01,Ghaziabad,417,233,324,457,61,295,46,30.2,89,25
2021-12-01,Greater Noida,357,194,253,472,55,258,40,31.8,176,26
2021-12-01,Hapur,424,228,324,466,68,243,38,29.5,77,21
2021-12-01,Meerut,339,192,251,500,57,256,27,17.0,71,16
2021-12-01,Rohtak,360,203,256,482,72,253,46,22.7,50,19
2021-12-01,Lucknow,359,186,266,424,54,264,29,22.9,61,23
2021-12-01,Kanpur,345,186,255,410,78,272,36,18.3,82,35
2021-12-01,Varanasi,360,202,262,443,72,191,35,13.8,120,26
2021-12-01,Kolkata,319,175,236,439,79,266,25,24.1,120,21
2021-12-01,Mumbai,276,147,197,408,65,228,41,33.1,54,22
2021-12-01,Bangalore,207,114,168,527,71,240,35,36.3,84,29
2021-12-01,Pune,263,150,196,447,76,278,24,26.2,142,17
2021-12-01,Hyderabad,223,114,166,492,66,254,27,22.1,31,17
2022-01-01,Delhi,447,247,338,411,60,336,49,25.5,90,24
2022-01-01,Noida,366,193,283,443,56,335,44,21.6,22,23
2022-01-01,Ghaziabad,379,210,289,388,71,274,23,23.4,97,31
2022-01-01,Greater Noida,376,199,281,448,72,253,29,26.3,86,29
2022-01-01,Hapur,435,243,315,490,46,267,46,22.2,97,25
2022-01-01,Meerut,386,208,280,486,70,289,25,26.2,78,15
2022-01-01,Rohtak,358,196,272,451,65,193,38,21.4,189,22
2022-01-01,Lucknow,287,168,200,465,51,246,34,25.4,147,27
2022-01-01,Kanpur,349,189,254,466,67,231,38,36.2,44,27
2022-01-01,Varanasi,353,205,260,445,57,318,18,19.0,128,31
2022-01-01,Kolkata,352,198,256,452,60,280,24,23.2,87,22
2022-01-01,Mumbai,246,124,192,437,52,257,28,28.1,14,28
2022-01-01,Bangalore,228,127,183,403,58,205,43,25.3,16,25
2022-01-01,Pune,250,146,188,493,66,237,39,26.1,72,29
2022-01-01,Hyderabad,255,146,191,424,61,225,30,32.0,81,29
2022-02-01,Delhi,284,151,211,464,85,290,17,24.1,95,31
2022-02-01,Noida,256,128,187,380,61,286,22,33.4,60,34
2022-02-01,Ghaziabad,239,122,170,433,67,263,21,34.9,76,26
2022-02-01,Greater Noida,261,131,192,434,56,220,31,31.1,120,29
2022-02-01,Hapur,267,152,214,392,63,173,34,14.9,61,27
2022-02-01,Meerut,280,157,196,396,66,216,36,31.1,59,25
2022-02-01,Rohtak,227,132,178,427,62,214,36,31.9,48,19
2022-02-01,Lucknow,207,115,147,401,52,258,40,14.9,57,30
2022-02-01,Kanpur,214,108,165,400,66,227,29,19.6,80,27
2022-02-01,Varanasi,198,107,137,432,71,193,30,20.4,101,40
2022-02-01,Kolkata,207,110,166,487,60,229,32,24.2,77,37
2022-02-01,Mumbai,150,86,108,402,78,275,30,24.9,95,19
2022-02-01,Bangalore,149,86,107,434,58,231,37,29.1,66,28
2022-02-01,Pune,171,104,139,415,53,340,40,21.9,65,33
2022-02-01,Hyderabad,234,132,161,421,56,231,30,27.4,21,28
2022-03-01,Delhi,324,167,255,452,60,230,29,38.0,146,32
2022-03-01,Noida,349,202,253,427,67,238,31,26.5,134,33
2022-03-01,Ghaziabad,300,174,221,381,60,255,29,25.3,78,24
2022-03-01,Greater Noida,248,127,193,445,70,309,31,32.7,54,28
2022-03-01,Hapur,256,132,177,388,78,315,36,18.5,37,20
2022-03-01,Meerut,273,152,214,405,66,296,34,25.3,121,26
2022-03-01,Rohtak,236,140,186,439,57,185,30,27.9,70,27
2022-03-01,Lucknow,250,140,177,456,48,306,36,20.3,72,20
2022-03-01,Kanpur,273,147,218,386,65,264,42,24.8,115,19
2022-03-01,Varanasi,242,136,167,428,46,222,37,16.7,93,27
2022-03-01,Kolkata,233,123,170,451,64,269,39,24.5,126,32
2022-03-01,Mumbai,167,99,131,391,79,271,30,27.9,100,36
2022-03-01,Bangalore,163,94,113,444,68,319,33,25.7,122,25
2022-03-01,Pune,176,91,129,399,73,235,39,25.0,32,26
2022-03-01,Hyderabad,138,84,100,470,67,311,32,27.6,81,34
2022-04-01,Delhi,349,188,251,457,45,282,37,22.4,21,30
2022-04-01,Noida,258,131,204,486,61,204,18,26.2,71,30
2022-04-01,Ghaziabad,287,154,206,368,69,288,35,27.1,79,21
2022-04-01,Greater Noida,354,197,260,397,65,363,38,27.8,77,18
2022-04-01,Hapur,371,201,289,448,53,264,40,25.2,20,23
2022-04-01,Meerut,323,186,239,441,61,252,29,24.5,148,22
2022-04-01,Rohtak,273,161,209,410,71,332,33,21.9,23,28
2022-04-01,Lucknow,234,118,181,437,61,245,34,20.5,67,32
2022-04-01,Kanpur,275,145,217,459,60,214,28,26.7,123,28
2022-04-01,Varanasi,278,143,197,442,50,176,37,23.4,101,25
2022-04-01,Kolkata,218,107,152,459,55,274,46,24.9,136,37
2022-04-01,Mumbai,149,70,100,411,63,205,34,20.6,52,36
2022-04-01,Bangalore,130,65,104,438,64,285,31,28.0,81,35
2022-04-01,Pune,207,112,150,510,69,266,26,22.3,112,21
2022-04-01,Hyderabad,163,89,124,411,66,250,31,29.1,86,23
2022-05-01,Delhi,304,172,231,398,59,317,28,27.7,46,15
2022-05-01,Noida,324,170,236,414,55,304,31,20.8,23,32
2022-05-01,Ghaziabad,264,152,194,434,67,209,30,28.5,20,27
2022-05-01,Greater Noida,278,152,200,461,67,353,25,27.6,150,26
2022-05-01,Hapur,306,157,222,447,69,242,38,19.2,70,20
2022-05-01,Meerut,292,160,232,443,63,238,32,19.3,49,24
2022-05-01,Rohtak,228,125,167,347,56,332,28,22.6,9,36
2022-05-01,Lucknow,286,149,211,358,58,210,22,28.9,104,22
2022-05-01,Kanpur,261,150,187,471,54,227,31,26.0,154,27
2022-05-01,Varanasi,248,127,187,446,65,285,38,28.4,45,24
2022-05-01,Kolkata,227,113,160,426,54,240,33,33.6,15,27
2022-05-01,Mumbai,214,112,164,413,67,306,31,28.8,132,31
2022-05-01,Bangalore,152,73,105,477,38,148,27,17.2,138,30
2022-05-01,Pune,152,74,105,438,67,232,33,31.8,79,30
2022-05-01,Hyderabad,149,77,106,475,55,278,29,20.9,124,8
2022-06-01,Delhi,286,153,226,451,56,242,33,19.2,23,35
2022-06-01,Noida,253,138,196,427,69,299,29,29.0,96,26
2022-06-01,Ghaziabad,246,144,180,442,57,286,31,27.9,42,28
2022-06-01,Greater Noida,305,165,213,447,70,259,40,29.3,59,25
2022-06-01,Hapur,285,157,203,390,60,169,27,20.7,140,29
2022-06-01,Meerut,218,128,170,363,55,190,34,27.4,78,36
2022-06-01,Rohtak,245,145,189,397,61,321,34,24.0,82,22
2022-06-01,Lucknow,251,129,174,522,60,247,29,30.2,108,27
2022-06-01,Kanpur,226,122,182,367,66,217,27,33.1,50,19
2022-06-01,Varanasi,242,144,190,433,61,247,35,25.9,37,37
2022-06-01,Kolkata,235,119,188,505,62,291,28,23.5,41,32
2022-06-01,Mumbai,192,103,158,445,81,277,36,21.6,77,21
2022-06-01,Bangalore,200,100,158,497,56,315,30,19.0,97,30
2022-06-01,Pune,139,81,114,468,80,243,40,23.8,57,24
2022-06-01,Hyderabad,151,86,117,395,68,283,41,28.9,86,20
2022-07-01,Delhi,269,145,208,419,57,205,25,29.5,53,24
2022-07-01,Noida,253,140,199,472,65,326,34,31.3,58,29
2022-07-01,Ghaziabad,299,162,220,438,58,276,30,31.4,54,23
2022-07-01,Greater Noida,294,156,206,415,57,296,33,27.5,88,25
2022-07-01,Hapur,290,168,208,403,49,173,34,23.7,104,20
2022-07-01,Meerut,322,174,249,395,67,287,28,20.8,114,23
2022-07-01,Rohtak,297,161,219,458,71,223,31,16.0,86,27
2022-07-01,Lucknow,219,120,151,383,69,271,38,21.9,87,26
2022-07-01,Kanpur,258,132,188,473,63,278,36,27.9,64,20
2022-07-01,Varanasi,211,113,170,430,76,257,43,17.9,153,19
2022-07-01,Kolkata,214,114,170,463,61,233,33,33.6,77,35
2022-07-01,Mumbai,170,91,139,435,63,239,30,24.3,189,21
2022-07-01,Bangalore,164,86,124,427,55,285,40,19.0,23,23
2022-07-01,Pune,150,77,104,414,63,257,29,39.0,93,18
2022-07-01,Hyderabad,165,95,122,416,67,234,42,24.4,38,33
2022-08-01,Delhi,287,163,218,392,71,277,32,27.9,91,22
2022-08-01,Noida,258,129,182,468,71,272,37,10.6,27,28
2022-08-01,Ghaziabad,276,148,220,444,67,241,32,22.7,78,31
2022-08-01,Greater Noida,242,139,173,418,74,267,37,24.7,140,32
2022-08-01,Hapur,257,136,204,398,54,288,34,24.6,174,21
2022-08-01,Meerut,249,145,187,451,69,268,34,11.0,49,22
2022-08-01,Rohtak,275,151,211,482,60,178,33,25.9,127,31
2022-08-01,Lucknow,221,132,159,462,57,245,41,30.4,25,30
2022-08-01,Kanpur,202,104,145,471,63,271,33,31.6,77,32
2022-08-01,Varanasi,208,102,158,439,67,277,27,29.1,86,35
2022-08-01,Kolkata,200,107,135,470,83,224,31,26.1,81,23
2022-08-01,Mumbai,230,131,158,480,61,229,39,24.0,12,21
2022-08-01,Bangalore,148,80,109,367,53,238,38,23.6,108,18
2022-08-01,Pune,178,96,133,430,68,252,48,24.9,0,24
2022-08-01,Hyderabad,170,91,112,495,70,356,39,23.6,119,16
2022-09-01,Delhi,299,168,213,414,64,276,22,24.6,98,21
2022-09-01,Noida,268,156,207,382,64,254,37,27.6,146,21
2022-09-01,Ghaziabad,255,144,194,460,42,184,32,21.6,62,22
2022-09-01,Greater Noida,299,153,219,415,61,279,27,27.4,78,32
2022-09-01,Hapur,273,153,197,423,66,214,26,29.9,86,22
2022-09-01,Meerut,233,125,168,483,63,241,51,18.3,68,25
2022-09-01,Rohtak,249,132,178,369,49,228,39,18.7,189,20
2022-09-01,Lucknow,274,145,196,427,54,286,30,25.4,45,19
2022-09-01,Kanpur,243,142,193,435,62,307,30,23.7,104,34
2022-09-01,Varanasi,204,115,148,513,49,228,27,32.4,65,32
2022-09-01,Kolkata,209,122,154,451,55,245,34,29.9,77,24
2022-09-01,Mumbai,134,76,102,390,67,259,37,22.0,98,32
2022-09-01,Bangalore,181,106,138,487,71,343,26,23.4,58,40
2022-09-01,Pune,169,80,134,439,64,273,26,23.9,152,19
2022-09-01,Hyderabad,151,72,126,418,61,277,43,27.8,46,29
2022-10-01,Delhi,305,160,239,445,57,251,40,26.7,43,29
2022-10-01,Noida,278,161,210,463,55,276,32,27.6,126,12
2022-10-01,Ghaziabad,267,141,194,488,72,313,47,26.5,99,19
2022-10-01,Greater Noida,244,129,178,402,61,287,42,24.5,59,32
2022-10-01,Hapur,260,139,207,457,60,288,29,22.8,56,31
2022-10-01,Meerut,244,140,171,387,64,234,26,22.4,57,21
2022-10-01,Rohtak,223,121,161,403,49,228,24,28.7,103,32
2022-10-01,Lucknow,231,133,173,454,65,315,34,24.4,45,31
2022-10-01,Kanpur,232,115,166,403,69,282,22,25.3,134,19
2022-10-01,Varanasi,194,109,130,429,67,239,34,26.1,85,36
2022-10-01,Kolkata,247,134,185,421,64,236,29,21.0,61,25
2022-10-01,Mumbai,178,89,134,390,58,277,26,19.7,31,20
2022-10-01,Bangalore,125,61,94,455,58,241,28,31.9,65,16
2022-10-01,Pune,94,51,72,411,61,279,30,34.1,24,24
2022-10-01,Hyderabad,179,87,146,454,61,305,30,22.5,48,24
2022-11-01,Delhi,397,223,292,410,60,222,32,30.7,103,25
2022-11-01,Noida,394,215,302,525,57,233,30,20.4,85,20
2022-11-01,Ghaziabad,401,214,309,426,50,232,24,34.4,112,32
2022-11-01,Greater Noida,342,183,250,490,64,247,36,24.4,102,37
2022-11-01,Hapur,386,216,280,385,67,321,23,15.0,0,29
2022-11-01,Meerut,361,193,274,374,66,213,31,32.6,70,33
2022-11-01,Rohtak,375,214,294,475,57,246,40,25.4,20,27
2022-11-01,Lucknow,349,179,273,402,63,341,29,26.6,110,35
2022-11-01,Kanpur,358,190,261,367,64,240,33,21.2,66,28
2022-11-01,Varanasi,318,163,245,409,71,216,31,28.4,115,36
2022-11-01,Kolkata,293,164,227,421,66,248,32,29.4,65,25
2022-11-01,Mumbai,182,88,144,417,67,317,40,33.3,168,41
2022-11-01,Bangalore,188,109,131,370,58,290,27,26.4,46,21
2022-11-01,Pune,267,138,201,412,63,332,37,30.8,52,32
2022-11-01,Hyderabad,223,133,163,431,67,274,28,23.2,86,18
2022-12-01,Delhi,391,215,305,402,73,223,34,20.0,69,31
2022-12-01,Noida,339,194,253,499,73,259,40,21.1,132,23
2022-12-01,Ghaziabad,382,220,298,433,58,221,34,26.1,105,35
2022-12-01,Greater Noida,341,190,256,401,54,276,38,22.3,70,27
2022-12-01,Hapur,382,198,296,520,59,185,26,33.6,50,20
2022-12-01,Meerut,398,229,301,378,68,236,43,22.5,88,23
2022-12-01,Rohtak,373,202,265,439,71,223,41,17.2,141,30
2022-12-01,Lucknow,306,160,239,453,58,334,49,34.9,67,23
2022-12-01,Kanpur,328,190,254,414,63,276,39,17.6,106,21
2022-12-01,Varanasi,314,175,226,421,54,308,32,26.8,97,37
2022-12-01,Kolkata,317,182,247,526,59,226,38,16.4,113,18
2022-12-01,Mumbai,224,116,176,409,50,274,32,26.2,89,32
2022-12-01,Bangalore,240,135,165,495,53,200,38,18.2,83,11
2022-12-01,Pune,289,149,202,423,67,235,32,33.2,58,36
2022-12-01,Hyderabad,250,139,178,499,69,238,27,29.2,77,25
2023-01-01,Delhi,429,238,318,415,67,316,42,23.3,135,34
2023-01-01,Noida,381,208,277,380,57,205,44,32.2,59,40
2023-01-01,Ghaziabad,409,221,294,437,70,314,27,17.5,107,28
2023-01-01,Greater Noida,353,183,255,464,63,290,38,34.6,82,30
2023-01-01,Hapur,432,238,312,382,68,170,32,27.6,138,24
2023-01-01,Meerut,363,197,284,393,66,251,33,34.0,64,28
2023-01-01,Rohtak,378,206,288,414,62,266,33,32.7,0,30
2023-01-01,Lucknow,345,194,270,364,64,290,36,16.3,151,25
2023-01-01,Kanpur,332,182,236,441,63,241,20,16.7,70,33
2023-01-01,Varanasi,342,178,241,413,57,216,36,24.4,46,22
2023-01-01,Kolkata,267,147,206,412,62,244,39,21.7,71,24
2023-01-01,Mumbai,287,148,208,449,66,293,40,23.8,115,28
2023-01-01,Bangalore,228,129,164,453,60,297,29,28.5,115,34
2023-01-01,Pune,247,127,187,447,70,283,28,26.6,138,32
2023-01-01,Hyderabad,248,140,198,402,65,247,45,23.3,0,35
2023-02-01,Delhi,278,159,220,409,70,319,45,23.3,160,34
2023-02-01,Noida,296,168,230,399,65,274,33,26.1,47,25
2023-02-01,Ghaziabad,240,140,182,462,72,194,39,27.7,85,34
2023-02-01,Greater Noida,332,172,262,428,58,304,36,24.1,101,23
2023-02-01,Hapur,270,158,209,424,56,249,46,24.0,20,31
2023-02-01,Meerut,243,137,188,347,86,272,32,25.1,40,32
2023-02-01,Rohtak,252,142,186,423,62,254,42,23.1,126,23
2023-02-01,Lucknow,241,143,169,425,72,314,37,18.6,89,29
2023-02-01,Kanpur,212,111,167,473,61,227,34,36.2,20,20
2023-02-01,Varanasi,259,137,192,430,69,229,42,28.0,49,30
2023-02-01,Kolkata,217,127,174,477,67,228,48,24.1,108,39
2023-02-01,Mumbai,219,130,152,388,61,266,32,31.7,16,39
2023-02-01,Bangalore,156,77,112,410,62,254,49,20.9,62,27
2023-02-01,Pune,158,78,104,441,51,227,33,27.2,75,22
2023-02-01,Hyderabad,128,72,103,371,57,268,30,24.5,40,25
2023-03-01,Delhi,359,208,264,408,75,208,32,22.7,84,32
2023-03-01,Noida,322,171,253,479,72,246,27,20.9,16,31
2023-03-01,Ghaziabad,260,135,183,380,55,276,39,24.3,99,37
2023-03-01,Greater Noida,256,142,195,385,65,317,30,23.1,80,32
2023-03-01,Hapur,319,166,249,506,50,295,38,19.5,130,38
2023-03-01,Meerut,253,149,201,386,59,219,42,22.2,120,33
2023-03-01,Rohtak,281,146,204,446,51,216,34,22.3,80,38
2023-03-01,Lucknow,284,163,212,403,58,303,38,13.2,122,33
2023-03-01,Kanpur,249,147,186,373,70,270,45,27.8,50,32
2023-03-01,Varanasi,227,116,162,467,51,267,32,29.6,46,28
2023-03-01,Kolkata,240,139,175,333,63,208,34,21.9,37,22
2023-03-01,Mumbai,197,118,132,397,61,280,30,25.2,106,21
2023-03-01,Bangalore,176,102,143,469,69,217,41,26.0,22,32
2023-03-01,Pune,206,102,158,493,62,233,37,23.1,66,31
2023-03-01,Hyderabad,183,111,130,404,58,220,43,30.4,112,31
2023-04-01,Delhi,279,162,212,450,80,284,24,29.8,55,36
2023-04-01,Noida,318,173,248,441,60,259,37,25.7,36,24
2023-04-01,Ghaziabad,278,159,202,416,61,214,33,20.8,48,38
2023-04-01,Greater Noida,295,156,222,412,66,190,25,29.8,26,27
2023-04-01,Hapur,297,168,210,427,74,280,43,24.8,141,25
2023-04-01,Meerut,283,155,215,452,64,245,42,29.1,62,40
2023-04-01,Rohtak,252,135,181,393,78,272,27,21.9,72,30
2023-04-01,Lucknow,259,141,182,454,67,227,39,23.4,30,36
2023-04-01,Kanpur,227,116,160,421,42,332,40,30.4,72,19
2023-04-01,Varanasi,244,122,195,418,73,272,34,24.0,115,33
2023-04-01,Kolkata,310,164,218,408,62,218,33,25.3,77,24
2023-04-01,Mumbai,164,84,110,407,72,289,32,21.2,45,28
2023-04-01,Bangalore,174,97,130,421,55,270,33,22.7,107,35
2023-04-01,Pune,149,77,110,434,57,302,37,25.7,31,27
2023-04-01,Hyderabad,192,101,154,453,59,222,33,20.4,84,45
2023-05-01,Delhi,284,157,225,352,70,292,39,24.7,74,32
2023-05-01,Noida,286,163,215,490,72,249,36,23.7,124,22
2023-05-01,Ghaziabad,285,150,198,374,67,173,36,30.6,88,36
2023-05-01,Greater Noida,247,129,183,433,56,226,35,25.9,116,28
2023-05-01,Hapur,316,163,237,421,62,364,33,17.4,130,24
2023-05-01,Meerut,275,145,217,423,55,241,26,23.4,98,15
2023-05-01,Rohtak,270,142,215,427,61,269,37,23.7,134,31
2023-05-01,Lucknow,329,189,252,490,53,308,24,22.0,183,22
2023-05-01,Kanpur,241,140,190,438,63,207,29,24.5,125,32
2023-05-01,Varanasi,233,125,173,430,72,289,36,15.5,86,32
2023-05-01,Kolkata,232,130,187,433,77,271,42,26.8,73,30
2023-05-01,Mumbai,248,131,188,415,59,282,35,30.5,134,21
2023-05-01,Bangalore,201,108,161,370,51,265,23,34.9,60,33
2023-05-01,Pune,117,62,93,431,73,209,30,31.8,60,36
2023-05-01,Hyderabad,150,76,123,436,58,231,35,35.7,32,27
2023-06-01,Delhi,288,166,222,408,60,257,29,18.8,0,36
2023-06-01,Noida,233,122,181,440,63,276,32,23.7,136,26
2023-06-01,Ghaziabad,247,140,172,410,67,228,34,27.4,79,27
2023-06-01,Greater Noida,220,126,176,435,63,221,45,29.0,96,31
2023-06-01,Hapur,279,144,199,421,74,274,32,26.1,53,31
2023-06-01,Meerut,229,132,159,332,54,214,37,21.3,61,35
2023-06-01,Rohtak,208,102,163,468,58,284,32,19.2,56,15
2023-06-01,Lucknow,237,119,181,491,48,217,28,20.3,59,26
2023-06-01,Kanpur,219,127,153,411,62,190,31,29.5,61,35
2023-06-01,Varanasi,209,124,147,398,80,240,33,24.0,169,18
2023-06-01,Kolkata,217,126,176,430,61,228,36,22.4,68,32
2023-06-01,Mumbai,181,97,134,393,72,217,34,28.0,94,30
2023-06-01,Bangalore,156,82,114,382,58,304,21,17.5,60,22
2023-06-01,Pune,172,88,114,441,59,197,40,23.0,137,33
2023-06-01,Hyderabad,154,76,120,351,47,253,41,24.7,112,33
2023-07-01,Delhi,267,138,208,403,66,276,28,31.7,31,37
2023-07-01,Noida,277,153,206,401,62,290,37,21.8,46,31
2023-07-01,Ghaziabad,267,156,202,409,74,247,39,19.7,25,36
2023-07-01,Greater Noida,230,137,168,475,64,317,34,27.7,78,31
2023-07-01,Hapur,286,156,214,416,58,158,39,20.7,68,31
2023-07-01,Meerut,229,123,184,452,60,195,36,29.4,99,37
2023-07-01,Rohtak,235,128,181,442,68,256,24,19.2,95,28
2023-07-01,Lucknow,253,131,197,404,63,253,33,29.9,48,28
2023-07-01,Kanpur,231,118,170,459,52,249,42,20.1,97,33
2023-07-01,Varanasi,235,130,170,420,72,252,30,33.1,60,34
2023-07-01,Kolkata,190,108,129,429,54,323,28,33.6,142,28
2023-07-01,Mumbai,175,102,123,418,63,271,36,28.0,76,20
2023-07-01,Bangalore,87,42,58,377,64,283,48,29.8,132,33
2023-07-01,Pune,166,99,126,439,71,235,33,21.0,79,30
2023-07-01,Hyderabad,174,93,125,416,63,245,35,19.5,63,24
2023-08-01,Delhi,285,151,225,434,59,222,37,23.7,27,33
2023-08-01,Noida,282,147,203,431,65,251,26,11.5,60,30
2023-08-01,Ghaziabad,242,134,180,433,45,296,32,25.5,138,24
2023-08-01,Greater Noida,289,169,221,445,53,284,40,26.3,124,26
2023-08-01,Hapur,301,161,213,394,52,216,48,29.8,196,28
2023-08-01,Meerut,259,135,182,407,56,270,36,35.9,107,26
2023-08-01,Rohtak,239,123,169,443,60,258,35,32.0,30,34
2023-08-01,Lucknow,223,126,178,394,56,285,35,20.6,161,27
2023-08-01,Kanpur,217,111,176,396,44,291,35,25.7,68,39
2023-08-01,Varanasi,240,141,190,391,60,389,41,12.8,117,31
2023-08-01,Kolkata,227,119,162,373,60,250,37,19.8,91,25
2023-08-01,Mumbai,188,93,155,431,68,346,41,27.3,79,23
2023-08-01,Bangalore,138,85,100,443,68,223,39,25.0,43,30
2023-08-01,Pune,193,116,146,410,64,248,39,30.0,112,22
2023-08-01,Hyderabad,188,103,127,427,64,305,31,31.2,155,29
2023-09-01,Delhi,303,171,239,471,59,246,45,18.9,32,22
2023-09-01,Noida,307,167,224,406,51,229,34,32.5,101,25
2023-09-01,Ghaziabad,326,172,250,410,53,272,41,29.8,111,33
2023-09-01,Greater Noida,280,160,210,429,62,223,25,27.1,62,19
2023-09-01,Hapur,305,174,213,407,65,275,38,21.6,71,35
2023-09-01,Meerut,252,137,196,440,65,254,42,25.4,81,26
2023-09-01,Rohtak,268,144,212,431,55,250,37,25.7,100,37
2023-09-01,Lucknow,227,112,180,427,73,245,28,28.5,24,31
2023-09-01,Kanpur,210,122,160,407,73,267,44,26.1,92,34
2023-09-01,Varanasi,175,91,127,389,72,234,40,20.9,77,31
2023-09-01,Kolkata,164,85,118,343,70,249,28,31.6,38,36
2023-09-01,Mumbai,131,76,103,443,57,181,30,21.7,59,31
2023-09-01,Bangalore,153,76,128,442,60,336,40,27.8,77,39
2023-09-01,Pune,160,86,118,511,66,268,41,29.4,136,29
2023-09-01,Hyderabad,168,82,120,350,61,334,38,31.9,27,33
2023-10-01,Delhi,320,164,244,474,52,279,43,23.0,85,22
2023-10-01,Noida,257,135,184,443,58,183,27,26.4,158,28
2023-10-01,Ghaziabad,272,137,217,453,61,270,30,28.2,33,33
2023-10-01,Greater Noida,290,156,209,384,71,259,31,24.7,29,25
2023-10-01,Hapur,310,173,234,406,73,298,30,20.6,95,23
2023-10-01,Meerut,235,130,184,391,66,252,35,16.7,32,34
2023-10-01,Rohtak,262,149,195,405,80,325,34,19.4,47,27
2023-10-01,Lucknow,203,117,146,403,59,184,32,20.7,140,26
2023-10-01,Kanpur,247,141,174,376,56,329,32,25.8,0,39
2023-10-01,Varanasi,228,124,176,423,72,208,45,25.9,55,28
2023-10-01,Kolkata,195,100,145,368,70,225,37,27.4,40,28
2023-10-01,Mumbai,206,120,148,450,73,242,37,22.3,122,20
2023-10-01,Bangalore,142,75,111,379,62,319,27,24.1,49,14
2023-10-01,Pune,166,85,109,393,53,320,44,23.5,135,35
2023-10-01,Hyderabad,174,90,125,387,40,215,27,25.0,48,32
2023-11-01,Delhi,425,224,303,426,67,265,36,23.5,17,30
2023-11-01,Noida,383,200,286,441,59,298,36,23.8,94,30
2023-11-01,Ghaziabad,404,210,312,400,65,305,34,20.4,130,33
2023-11-01,Greater Noida,341,192,266,476,49,241,49,28.9,79,22
2023-11-01,Hapur,417,231,317,418,79,186,38,20.1,110,29
2023-11-01,Meerut,383,211,287,495,63,323,40,33.0,46,27
2023-11-01,Rohtak,362,209,269,418,75,257,42,27.1,42,35
2023-11-01,Lucknow,325,180,250,494,58,258,45,22.6,126,32
2023-11-01,Kanpur,321,169,245,344,63,306,33,26.2,116,39
2023-11-01,Varanasi,306,174,232,488,50,204,38,21.2,53,36
2023-11-01,Kolkata,288,169,206,416,58,259,32,28.2,95,32
2023-11-01,Mumbai,231,121,163,399,60,222,47,30.1,69,24
2023-11-01,Bangalore,210,111,154,422,48,280,36,26.1,66,31
2023-11-01,Pune,243,128,195,363,63,290,37,28.4,80,38
2023-11-01,Hyderabad,200,98,160,485,54,281,28,23.0,65,28
2023-12-01,Delhi,398,223,307,445,81,256,24,23.4,0,33
2023-12-01,Noida,385,208,283,420,61,289,38,21.7,54,30
2023-12-01,Ghaziabad,370,203,270,381,61,240,27,36.9,28,27
2023-12-01,Greater Noida,385,209,292,406,47,287,30,30.9,121,27
2023-12-01,Hapur,398,222,309,441,70,214,32,26.2,124,28
2023-12-01,Meerut,347,181,258,437,55,228,26,33.3,134,35
2023-12-01,Rohtak,363,199,264,410,55,263,38,28.6,111,24
2023-12-01,Lucknow,328,171,238,405,57,200,30,21.4,41,17
2023-12-01,Kanpur,304,158,231,374,65,304,25,29.6,86,43
2023-12-01,Varanasi,302,154,212,397,66,290,32,23.6,109,31
2023-12-01,Kolkata,300,154,212,372,61,299,36,22.9,50,20
2023-12-01,Mumbai,254,130,178,401,69,202,34,32.8,75,26
2023-12-01,Bangalore,238,122,174,480,54,254,31,24.5,74,31
2023-12-01,Pune,157,89,112,442,71,265,33,28.2,67,34
2023-12-01,Hyderabad,207,102,159,445,55,254,46,25.3,83,47
2024-01-01,Delhi,420,224,323,401,63,278,52,33.6,23,29
2024-01-01,Noida,391,222,288,386,64,211,38,28.5,0,38
2024-01-01,Ghaziabad,411,229,294,372,84,256,48,25.0,133,43
2024-01-01,Greater Noida,400,219,314,416,54,273,39,22.4,76,22
2024-01-01,Hapur,424,241,325,373,70,215,39,27.1,117,28
2024-01-01,Meerut,323,175,237,485,54,190,31,21.7,29,34
2024-01-01,Rohtak,397,210,289,439,67,279,45,29.0,151,29
2024-01-01,Lucknow,348,202,257,392,69,292,38,18.7,128,40
2024-01-01,Kanpur,327,167,241,380,49,220,39,23.4,72,26
2024-01-01,Varanasi,282,144,216,448,53,252,32,26.3,52,25
2024-01-01,Kolkata,295,163,223,445,49,255,35,28.0,119,27
2024-01-01,Mumbai,253,136,192,373,65,294,34,26.5,0,36
2024-01-01,Bangalore,207,113,157,385,75,304,38,30.0,41,35
2024-01-01,Pune,241,122,188,472,67,223,26,23.0,81,31
2024-01-01,Hyderabad,252,143,180,469,48,192,33,17.3,103,29
2024-02-01,Delhi,291,166,209,436,52,251,43,27.2,117,33
2024-02-01,Noida,258,151,192,417,63,259,34,22.2,42,21
2024-02-01,Ghaziabad,280,145,219,396,79,245,32,20.7,140,38
2024-02-01,Greater Noida,263,152,209,394,72,274,41,19.8,140,39
2024-02-01,Hapur,241,142,185,326,48,219,34,26.5,125,39
2024-02-01,Meerut,256,129,202,392,60,237,39,27.5,85,42
2024-02-01,Rohtak,296,152,220,391,57,260,34,16.6,117,28
2024-02-01,Lucknow,233,139,167,431,66,276,31,29.0,58,40
2024-02-01,Kanpur,232,115,165,407,63,221,41,24.3,78,29
2024-02-01,Varanasi,234,133,161,355,67,249,39,34.9,62,26
2024-02-01,Kolkata,229,118,157,421,45,242,16,25.4,53,34
2024-02-01,Mumbai,129,65,87,465,71,233,37,24.3,140,24
2024-02-01,Bangalore,138,65,115,359,75,279,30,23.6,75,33
2024-02-01,Pune,197,102,140,370,58,242,32,24.0,63,26
2024-02-01,Hyderabad,146,71,107,444,55,268,37,30.8,56,24
2024-03-01,Delhi,329,172,248,429,59,398,42,29.2,94,29
2024-03-01,Noida,286,158,223,403,61,259,37,30.9,0,32
2024-03-01,Ghaziabad,283,158,211,391,42,281,30,28.7,65,30
2024-03-01,Greater Noida,283,149,222,405,72,279,35,28.7,103,44
2024-03-01,Hapur,257,131,191,443,57,308,35,16.7,33,35
2024-03-01,Meerut,300,176,213,359,58,284,33,29.3,56,20
2024-03-01,Rohtak,280,157,214,419,53,283,39,27.1,14,28
2024-03-01,Lucknow,249,134,196,404,63,295,40,25.0,68,36
2024-03-01,Kanpur,240,143,194,450,55,289,43,16.6,6,37
2024-03-01,Varanasi,241,123,191,432,59,176,40,27.9,102,30
2024-03-01,Kolkata,251,131,174,381,68,224,27,22.6,46,33
2024-03-01,Mumbai,194,103,147,421,54,304,24,31.0,102,33
2024-03-01,Bangalore,212,127,169,365,54,289,40,33.7,115,42
2024-03-01,Pune,188,103,127,363,59,333,40,31.0,72,29
2024-03-01,Hyderabad,157,76,119,391,46,193,34,29.7,110,36
2024-04-01,Delhi,266,147,187,414,55,280,26,29.4,47,34
2024-04-01,Noida,296,154,231,439,54,280,35,22.3,10,38
2024-04-01,Ghaziabad,313,179,227,416,62,166,32,24.1,109,17
2024-04-01,Greater Noida,298,166,231,343,75,272,34,21.7,61,36
2024-04-01,Hapur,304,171,214,437,63,298,29,20.7,105,37
2024-04-01,Meerut,288,165,206,406,59,252,34,23.4,134,33
2024-04-01,Rohtak,291,155,225,453,58,263,41,22.5,127,29
2024-04-01,Lucknow,264,149,183,418,66,324,37,26.1,149,42
2024-04-01,Kanpur,256,146,184,389,62,197,33,18.2,121,35
2024-04-01,Varanasi,261,131,199,439,55,313,44,33.6,17,31
2024-04-01,Kolkata,245,130,172,416,61,269,45,29.7,123,35
2024-04-01,Mumbai,207,112,166,362,53,245,32,22.9,77,27
2024-04-01,Bangalore,191,105,154,437,76,290,33,20.8,68,31
2024-04-01,Pune,147,72,104,390,64,288,46,30.6,64,30
2024-04-01,Hyderabad,217,127,167,404,67,282,29,14.4,53,34
2024-05-01,Delhi,363,204,275,446,73,235,39,29.8,87,23
2024-05-01,Noida,290,147,210,424,68,300,36,24.6,77,30
2024-05-01,Ghaziabad,314,161,224,362,61,269,30,19.3,66,29
2024-05-01,Greater Noida,302,167,228,427,62,302,29,30.6,88,31
2024-05-01,Hapur,280,146,215,398,60,224,32,39.4,23,42
2024-05-01,Meerut,268,152,201,427,55,277,34,24.4,68,33
2024-05-01,Rohtak,263,143,200,366,63,269,30,27.6,64,34
2024-05-01,Lucknow,224,132,157,426,50,303,36,21.4,130,32
2024-05-01,Kanpur,251,146,187,382,61,210,36,25.6,97,39
2024-05-01,Varanasi,232,131,182,383,61,251,39,28.0,77,28
2024-05-01,Kolkata,212,111,164,367,72,230,38,18.9,110,40
2024-05-01,Mumbai,194,95,130,413,60,165,28,29.2,87,29
2024-05-01,Bangalore,146,84,99,440,60,313,35,24.2,82,34
2024-05-01,Pune,184,95,146,379,82,232,38,24.8,108,31
2024-05-01,Hyderabad,191,95,144,376,47,219,41,19.7,144,40
2024-06-01,Delhi,336,190,251,416,62,304,33,17.8,126,34
2024-06-01,Noida,237,126,181,396,50,242,40,33.2,115,38
2024-06-01,Ghaziabad,251,126,179,361,69,226,44,33.8,86,38
2024-06-01,Greater Noida,249,138,180,359,63,294,33,35.5,134,39
2024-06-01,Hapur,213,126,170,402,65,232,30,29.6,40,33
2024-06-01,Meerut,233,126,168,386,66,302,41,30.7,48,32
2024-06-01,Rohtak,203,108,149,389,64,193,43,27.1,142,38
2024-06-01,Lucknow,289,158,203,432,51,239,39,27.7,138,36
2024-06-01,Kanpur,270,158,188,460,30,252,32,24.3,92,34
2024-06-01,Varanasi,259,135,191,403,70,239,47,19.0,33,31
2024-06-01,Kolkata,236,135,171,435,61,237,41,27.8,76,36
2024-06-01,Mumbai,167,99,125,409,65,221,34,22.3,18,26
2024-06-01,Bangalore,148,76,96,381,55,212,35,23.7,48,32
2024-06-01,Pune,178,85,138,397,59,229,42,27.2,86,28
2024-06-01,Hyderabad,153,77,128,397,53,267,34,23.2,60,23
2024-07-01,Delhi,284,155,214,447,56,239,33,34.1,49,36
2024-07-01,Noida,230,119,178,373,57,326,38,21.7,70,48
2024-07-01,Ghaziabad,248,125,175,416,76,240,52,28.8,103,43
2024-07-01,Greater Noida,276,159,219,409,60,276,40,24.7,39,34
2024-07-01,Hapur,243,144,175,421,55,259,38,24.0,46,29
2024-07-01,Meerut,238,139,179,327,63,284,24,24.3,35,16
2024-07-01,Rohtak,224,124,168,446,46,203,37,24.0,106,26
2024-07-01,Lucknow,207,117,156,451,47,261,36,16.4,122,23
2024-07-01,Kanpur,221,127,153,367,61,299,37,36.2,11,47
2024-07-01,Varanasi,195,118,136,401,65,258,43,25.9,109,41
2024-07-01,Kolkata,210,120,155,427,55,271,34,31.7,168,39
2024-07-01,Mumbai,164,95,121,407,69,221,35,25.5,57,30
2024-07-01,Bangalore,173,91,124,404,48,276,35,28.4,65,28
2024-07-01,Pune,177,85,132,427,54,295,35,14.9,101,29
2024-07-01,Hyderabad,188,101,128,410,69,194,43,18.0,134,35
2024-08-01,Delhi,304,177,226,402,52,276,34,23.3,75,31
2024-08-01,Noida,296,157,210,435,57,256,39,22.6,77,27
2024-08-01,Ghaziabad,271,143,209,362,68,259,41,21.1,106,40
2024-08-01,Greater Noida,295,156,223,479,52,265,40,24.3,109,31
2024-08-01,Hapur,276,140,221,407,52,278,33,27.7,58,39
2024-08-01,Meerut,246,131,182,373,67,195,30,20.8,119,35
2024-08-01,Rohtak,244,139,185,382,65,212,46,19.2,65,37
2024-08-01,Lucknow,216,129,150,450,61,280,38,29.7,46,41
2024-08-01,Kanpur,249,137,192,403,58,312,48,23.0,93,35
2024-08-01,Varanasi,188,110,155,418,60,221,32,26.4,56,33
2024-08-01,Kolkata,242,133,180,459,80,238,45,17.6,98,30
2024-08-01,Mumbai,184,91,131,462,53,202,32,20.7,66,29
2024-08-01,Bangalore,194,116,136,352,57,206,36,23.5,75,30
2024-08-01,Pune,167,100,118,369,67,284,38,21.1,67,48
2024-08-01,Hyderabad,186,104,129,368,56,222,35,32.8,88,35
2024-09-01,Delhi,290,161,215,400,60,201,41,19.9,114,25
2024-09-01,Noida,254,147,175,428,78,216,32,30.3,108,34
2024-09-01,Ghaziabad,249,140,179,382,75,310,41,29.0,43,43
2024-09-01,Greater Noida,222,111,157,378,74,286,29,19.5,103,28
2024-09-01,Hapur,311,167,233,428,57,221,37,19.9,119,34
2024-09-01,Meerut,230,128,186,353,61,287,33,26.4,98,27
2024-09-01,Rohtak,230,127,186,405,59,270,39,21.3,66,38
2024-09-01,Lucknow,207,117,168,407,51,241,41,23.0,105,26
2024-09-01,Kanpur,217,130,147,419,65,284,35,30.1,28,27
2024-09-01,Varanasi,213,116,148,393,66,200,35,26.9,77,27
2024-09-01,Kolkata,219,120,174,434,68,278,32,24.1,118,22
2024-09-01,Mumbai,197,113,138,413,62,273,40,23.2,95,25
2024-09-01,Bangalore,124,67,93,382,74,280,43,27.6,124,29
2024-09-01,Pune,168,80,115,355,51,342,35,19.4,115,24
2024-09-01,Hyderabad,157,92,126,429,71,231,47,30.0,77,28
2024-10-01,Delhi,289,167,215,411,66,249,38,32.3,38,33
2024-10-01,Noida,298,153,230,397,67,187,27,22.2,57,33
2024-10-01,Ghaziabad,272,157,189,447,63,266,45,19.9,83,35
2024-10-01,Greater Noida,232,138,166,377,68,258,35,26.0,110,27
2024-10-01,Hapur,257,132,202,430,60,200,34,22.3,79,26
2024-10-01,Meerut,245,133,176,415,60,220,41,28.8,110,43
2024-10-01,Rohtak,253,128,175,393,59,289,38,25.6,124,30
2024-10-01,Lucknow,271,147,192,452,68,238,33,16.9,110,40
2024-10-01,Kanpur,219,111,168,415,57,295,36,31.0,133,31
2024-10-01,Varanasi,264,144,210,455,61,293,35,20.8,83,31
2024-10-01,Kolkata,203,109,149,447,62,255,36,25.5,82,33
2024-10-01,Mumbai,197,114,157,381,68,302,37,26.7,57,41
2024-10-01,Bangalore,188,95,141,464,69,273,39,28.4,157,36
2024-10-01,Pune,181,96,132,421,75,227,33,26.9,84,32
2024-10-01,Hyderabad,184,111,145,459,70,274,38,18.4,77,35
2024-11-01,Delhi,406,222,300,463,56,297,32,22.8,58,39
2024-11-01,Noida,423,222,302,433,61,188,38,29.1,98,37
2024-11-01,Ghaziabad,360,207,270,375,58,227,42,22.6,45,31
2024-11-01,Greater Noida,392,208,301,426,61,228,38,22.1,134,40
2024-11-01,Hapur,383,203,284,390,68,253,33,33.4,82,28
2024-11-01,Meerut,352,194,268,400,71,235,47,23.9,30,34
2024-11-01,Rohtak,315,163,224,360,48,335,35,27.0,124,41
2024-11-01,Lucknow,325,173,236,401,69,326,49,26.4,54,25
2024-11-01,Kanpur,306,174,227,390,64,296,30,34.6,34,34
2024-11-01,Varanasi,361,208,264,348,65,340,45,23.7,133,42
2024-11-01,Kolkata,323,183,241,402,64,288,31,24.4,66,27
2024-11-01,Mumbai,215,125,147,372,66,243,32,30.2,126,29
2024-11-01,Bangalore,246,137,170,394,68,179,37,29.6,30,29
2024-11-01,Pune,264,137,207,446,69,237,34,34.6,121,30
2024-11-01,Hyderabad,243,132,180,388,64,226,42,25.5,57,25
2024-12-01,Delhi,451,256,336,474,81,203,38,19.6,59,37
2024-12-01,Noida,422,223,313,387,57,259,35,23.7,118,20
2024-12-01,Ghaziabad,365,198,274,421,68,333,31,19.5,60,33
2024-12-01,Greater Noida,401,210,286,376,63,314,32,22.2,87,37
2024-12-01,Hapur,404,233,293,356,46,283,31,16.5,132,36
2024-12-01,Meerut,362,191,269,365,74,276,35,19.2,35,40
2024-12-01,Rohtak,332,188,261,421,68,280,34,27.7,80,30
2024-12-01,Lucknow,313,162,238,359,66,267,36,16.5,74,41
2024-12-01,Kanpur,335,192,238,382,64,291,35,19.5,63,38
2024-12-01,Varanasi,304,177,229,400,62,337,21,26.4,91,28
2024-12-01,Kolkata,352,188,265,400,61,263,41,18.5,91,34
2024-12-01,Mumbai,237,133,175,435,56,307,42,25.4,151,36
2024-12-01,Bangalore,179,97,123,407,62,277,37,23.7,61,35
2024-12-01,Pune,212,114,161,453,50,258,40,13.5,52,27
2024-12-01,Hyderabad,279,161,210,408,68,248,35,30.5,94,31
2025-01-01,Delhi,448,245,323,410,65,299,40,19.1,57,33
2025-01-01,Noida,360,200,279,377,47,216,24,20.5,46,36
2025-01-01,Ghaziabad,374,213,293,372,60,308,43,27.3,66,33
2025-01-01,Greater Noida,322,168,238,406,57,302,32,28.0,103,44
2025-01-01,Hapur,395,216,299,348,54,290,40,23.6,46,35
2025-01-01,Meerut,362,193,262,487,45,276,43,24.5,48,40
2025-01-01,Rohtak,389,224,293,374,66,284,42,34.6,22,37
2025-01-01,Lucknow,330,179,251,404,65,209,43,28.3,67,43
2025-01-01,Kanpur,347,191,255,393,59,195,44,29.4,57,41
2025-01-01,Varanasi,284,147,222,423,66,275,46,22.8,133,31
2025-01-01,Kolkata,321,175,254,426,65,141,34,26.2,135,41
2025-01-01,Mumbai,254,133,182,361,72,321,37,20.6,86,37
2025-01-01,Bangalore,243,129,167,401,60,284,31,32.0,7,31
2025-01-01,Pune,229,118,160,386,63,241,41,17.9,142,39
2025-01-01,Hyderabad,227,122,178,423,60,187,42,30.3,47,46
2025-02-01,Delhi,279,143,207,359,50,274,39,23.9,43,32
2025-02-01,Noida,246,138,183,395,53,315,47,27.9,45,29
2025-02-01,Ghaziabad,244,131,195,344,71,292,52,19.0,45,37
2025-02-01,Greater Noida,251,147,178,417,55,238,39,25.1,85,42
2025-02-01,Hapur,282,157,198,424,71,223,55,29.4,65,48
2025-02-01,Meerut,284,146,214,368,58,207,44,22.6,56,41
2025-02-01,Rohtak,244,144,177,448,60,259,40,35.3,112,47
2025-02-01,Lucknow,273,143,190,414,62,223,40,29.7,100,33
2025-02-01,Kanpur,224,124,165,393,67,247,27,24.7,164,39
2025-02-01,Varanasi,203,100,151,417,54,296,44,19.5,67,35
2025-02-01,Kolkata,217,107,147,322,49,329,32,24.4,109,31
2025-02-01,Mumbai,192,96,151,392,68,328,44,25.6,111,26
2025-02-01,Bangalore,139,68,90,374,58,265,38,35.6,17,44
2025-02-01,Pune,168,90,131,458,76,272,45,26.1,77,30
2025-02-01,Hyderabad,183,94,131,352,52,277,34,23.8,111,39
2025-03-01,Delhi,331,185,247,320,56,273,40,29.9,93,34
2025-03-01,Noida,331,191,250,423,63,242,40,28.9,85,36
2025-03-01,Ghaziabad,291,166,231,460,52,255,44,32.1,61,26
2025-03-01,Greater Noida,282,162,223,361,59,295,33,28.1,141,43
2025-03-01,Hapur,291,161,211,367,48,232,47,22.0,111,33
2025-03-01,Meerut,267,140,187,403,53,218,40,33.5,79,30
2025-03-01,Rohtak,238,137,187,370,62,306,39,34.1,41,35
2025-03-01,Lucknow,286,165,201,411,61,214,37,30.2,76,40
2025-03-01,Kanpur,260,139,208,400,63,246,29,27.0,81,36
2025-03-01,Varanasi,254,148,177,377,58,227,38,31.5,77,38
2025-03-01,Kolkata,242,139,171,381,70,297,58,26.1,57,35
2025-03-01,Mumbai,211,114,159,387,54,279,47,21.1,33,34
2025-03-01,Bangalore,175,107,131,333,69,273,40,20.2,40,31
2025-03-01,Pune,186,108,142,342,61,239,42,32.3,94,32
2025-03-01,Hyderabad,184,102,126,422,52,283,36,31.9,127,47
2025-04-01,Delhi,325,180,243,373,59,204,34,31.7,83,25
2025-04-01,Noida,305,157,219,407,61,258,28,29.6,114,33
2025-04-01,Ghaziabad,301,166,231,407,48,301,32,26.8,117,42
2025-04-01,Greater Noida,219,122,154,498,46,197,44,21.0,91,41
2025-04-01,Hapur,300,170,237,409,53,246,33,20.4,46,33
2025-04-01,Meerut,288,153,201,435,62,242,32,25.5,91,33
2025-04-01,Rohtak,231,125,181,381,70,268,34,25.5,46,51
2025-04-01,Lucknow,287,150,204,409,61,218,33,32.0,145,34
2025-04-01,Kanpur,254,140,179,368,55,263,29,33.6,145,41
2025-04-01,Varanasi,233,131,183,379,47,231,52,26.2,95,35
2025-04-01,Kolkata,256,144,178,417,59,275,48,27.0,41,39
2025-04-01,Mumbai,173,100,122,347,54,207,33,28.3,95,26
2025-04-01,Bangalore,153,87,109,464,65,214,43,18.9,67,34
2025-04-01,Pune,167,102,113,394,63,256,27,30.7,133,41
2025-04-01,Hyderabad,234,120,181,385,68,181,48,21.9,22,36
2025-05-01,Delhi,306,178,226,420,64,226,29,35.0,26,38
2025-05-01,Noida,323,169,227,361,68,241,38,13.3,116,47
2025-05-01,Ghaziabad,301,167,229,404,59,314,30,29.2,81,33
2025-05-01,Greater Noida,290,148,225,414,55,176,28,23.1,107,22
2025-05-01,Hapur,342,189,265,401,64,305,43,24.0,117,48
2025-05-01,Meerut,285,155,199,367,66,250,39,32.5,87,32
2025-05-01,Rohtak,279,153,209,414,62,286,27,28.3,142,47
2025-05-01,Lucknow,282,144,223,389,65,285,32,26.3,63,46
2025-05-01,Kanpur,244,141,176,360,57,289,33,22.1,90,43
2025-05-01,Varanasi,251,132,175,429,62,273,40,26.5,61,35
2025-05-01,Kolkata,280,144,207,446,59,243,35,29.7,113,37
2025-05-01,Mumbai,198,97,155,352,65,253,44,18.9,53,43
2025-05-01,Bangalore,154,85,128,331,64,302,30,24.3,51,33
2025-05-01,Pune,208,118,160,371,69,291,35,26.9,84,34
2025-05-01,Hyderabad,158,91,104,367,50,269,40,22.9,11,30
2025-06-01,Delhi,308,175,217,431,55,250,53,22.9,127,41
2025-06-01,Noida,283,160,218,401,68,278,43,32.8,121,42
2025-06-01,Ghaziabad,254,146,186,393,66,275,47,21.2,121,33
2025-06-01,Greater Noida,274,148,194,375,62,219,37,30.1,76,38
2025-06-01,Hapur,248,124,185,355,60,213,45,25.9,61,39
2025-06-01,Meerut,274,146,213,400,70,329,37,24.9,139,37
2025-06-01,Rohtak,248,141,176,394,60,236,44,32.6,78,35
2025-06-01,Lucknow,248,128,195,402,69,217,45,32.9,61,33
2025-06-01,Kanpur,251,149,201,333,76,269,30,19.4,113,26
2025-06-01,Varanasi,221,128,150,387,48,181,43,22.4,76,30
2025-06-01,Kolkata,208,114,160,393,52,293,39,20.2,94,29
2025-06-01,Mumbai,169,97,135,335,51,294,47,14.0,136,30
2025-06-01,Bangalore,144,72,103,318,55,263,28,25.2,33,30
2025-06-01,Pune,219,131,166,362,59,304,45,27.1,94,31
2025-06-01,Hyderabad,172,103,114,399,69,291,38,21.4,101,31
2025-07-01,Delhi,306,177,230,391,53,326,36,25.0,121,43
2025-07-01,Noida,307,178,232,368,64,306,44,28.5,113,30
2025-07-01,Ghaziabad,272,142,213,418,52,236,39,24.1,70,27
2025-07-01,Greater Noida,262,142,196,390,70,235,46,25.3,88,38
2025-07-01,Hapur,291,161,228,387,60,304,39,31.7,56,37
2025-07-01,Meerut,264,152,209,303,62,263,32,15.4,69,44
2025-07-01,Rohtak,253,129,192,338,46,260,43,25.1,78,32
2025-07-01,Lucknow,259,148,187,449,81,233,35,19.3,87,30
2025-07-01,Kanpur,203,114,144,393,59,200,44,36.0,124,44
2025-07-01,Varanasi,264,152,183,383,49,210,32,17.1,18,37
2025-07-01,Kolkata,191,111,130,410,58,294,45,32.7,95,30
2025-07-01,Mumbai,150,80,118,378,59,305,26,18.7,52,44
2025-07-01,Bangalore,153,82,113,391,54,204,43,27.1,69,36
2025-07-01,Pune,149,76,120,367,56,286,42,23.0,82,36
2025-07-01,Hyderabad,159,91,129,340,71,322,25,36.1,122,49
2025-08-01,Delhi,280,165,201,404,66,277,47,26.6,64,46
2025-08-01,Noida,311,161,229,401,59,301,47,25.9,146,28
2025-08-01,Ghaziabad,220,115,151,357,67,230,33,25.5,60,40
2025-08-01,Greater Noida,258,149,207,347,53,224,37,23.6,147,37
2025-08-01,Hapur,202,108,136,378,65,330,45,19.9,90,39
2025-08-01,Meerut,259,135,194,445,56,299,48,26.2,67,35
2025-08-01,Rohtak,262,154,197,371,58,251,39,18.6,81,39
2025-08-01,Lucknow,260,149,186,404,64,256,46,29.4,61,36
2025-08-01,Kanpur,259,131,201,366,64,359,41,20.8,49,37
2025-08-01,Varanasi,239,141,189,409,80,315,31,29.8,143,35
2025-08-01,Kolkata,258,143,197,352,56,251,37,27.1,83,25
2025-08-01,Mumbai,229,128,172,381,62,267,42,22.1,88,44
2025-08-01,Bangalore,141,66,90,421,63,227,45,21.8,39,42
2025-08-01,Pune,110,60,93,391,50,219,38,32.0,74,42
2025-08-01,Hyderabad,179,99,148,359,77,256,35,18.1,44,32
2025-09-01,Delhi,266,153,205,382,52,235,38,27.5,125,41
2025-09-01,Noida,230,114,167,335,54,282,42,25.2,104,29
2025-09-01,Ghaziabad,271,144,215,371,60,318,39,27.0,79,40
2025-09-01,Greater Noida,266,134,190,421,70,190,53,27.7,119,37
2025-09-01,Hapur,285,164,223,328,63,238,32,16.7,125,27
2025-09-01,Meerut,288,155,210,416,59,227,42,20.7,152,33
2025-09-01,Rohtak,240,129,189,389,78,237,45,15.6,49,41
2025-09-01,Lucknow,203,114,144,375,57,271,27,26.2,67,32
2025-09-01,Kanpur,224,122,162,366,65,208,37,29.6,27,32
2025-09-01,Varanasi,202,116,150,430,57,302,47,25.4,114,39
2025-09-01,Kolkata,210,107,157,344,61,212,42,28.3,90,30
2025-09-01,Mumbai,200,104,138,374,62,297,46,20.5,84,35
2025-09-01,Bangalore,154,80,125,419,62,271,50,24.3,51,41
2025-09-01,Pune,160,97,133,326,48,291,43,19.8,73,29
2025-09-01,Hyderabad,179,90,148,415,71,268,40,19.0,69,25
2025-10-01,Delhi,299,170,229,381,56,310,37,27.1,66,47
2025-10-01,Noida,250,133,179,361,58,309,41,21.5,87,39
2025-10-01,Ghaziabad,227,126,181,389,72,245,41,29.9,63,31
2025-10-01,Greater Noida,309,162,235,451,73,242,40,25.4,90,41
2025-10-01,Hapur,226,112,156,390,66,318,24,31.6,101,43
2025-10-01,Meerut,290,158,207,314,59,263,37,34.2,17,30
2025-10-01,Rohtak,239,137,191,457,57,289,38,28.0,135,34
2025-10-01,Lucknow,266,141,192,429,60,229,44,31.2,149,36
2025-10-01,Kanpur,227,133,157,407,66,282,37,29.4,65,36
2025-10-01,Varanasi,202,115,138,465,67,317,40,21.8,40,31
2025-10-01,Kolkata,221,129,160,397,57,245,49,21.2,174,36
2025-10-01,Mumbai,162,96,121,396,62,231,47,27.6,62,36
2025-10-01,Bangalore,140,87,103,406,48,254,40,17.8,108,52
2025-10-01,Pune,190,109,142,466,74,165,47,33.4,121,31
2025-10-01,Hyderabad,181,95,136,451,57,307,42,22.8,16,46
2025-11-01,Delhi,383,201,278,424,82,253,47,34.9,76,35
2025-11-01,Noida,393,221,279,443,63,317,42,24.1,41,41
2025-11-01,Ghaziabad,385,221,294,376,64,317,27,19.2,84,30
2025-11-01,Greater Noida,360,203,265,445,60,190,46,26.2,129,35
2025-11-01,Hapur,378,207,272,435,58,206,41,32.1,109,37
2025-11-01,Meerut,361,208,281,360,72,256,39,27.9,91,31
2025-11-01,Rohtak,375,207,275,368,63,234,39,30.2,77,34
2025-11-01,Lucknow,340,197,252,407,49,218,31,29.0,82,34
2025-11-01,Kanpur,343,184,271,399,68,260,32,26.9,86,37
2025-11-01,Varanasi,272,148,189,357,60,172,42,20.7,24,37
2025-11-01,Kolkata,300,166,228,352,66,249,43,24.6,61,35
2025-11-01,Mumbai,291,160,208,415,49,322,36,18.9,91,37
2025-11-01,Bangalore,213,115,156,342,58,168,43,30.4,12,31
2025-11-01,Pune,196,96,150,362,55,221,41,17.8,50,45
2025-11-01,Hyderabad,231,127,186,381,68,238,35,24.3,34,42
2025-12-01,Delhi,429,230,312,441,78,219,38,19.5,89,32
2025-12-01,Noida,392,209,296,374,54,206,47,31.5,61,40
2025-12-01,Ghaziabad,375,214,276,331,58,238,30,26.7,102,40
2025-12-01,Greater Noida,411,234,295,371,64,243,43,30.5,66,48
2025-12-01,Hapur,425,235,304,427,68,328,49,28.0,22,39
2025-12-01,Meerut,353,195,269,429,63,340,55,19.5,63,35
2025-12-01,Rohtak,394,220,308,415,42,331,37,21.8,20,39
2025-12-01,Lucknow,342,197,249,407,72,221,51,20.5,112,26
2025-12-01,Kanpur,309,173,243,400,63,305,47,20.4,57,39
2025-12-01,Varanasi,299,158,236,416,56,237,31,26.7,33,32
2025-12-01,Kolkata,329,179,252,397,58,297,40,19.8,92,36
2025-12-01,Mumbai,217,124,176,444,70,241,29,28.0,96,35
2025-12-01,Bangalore,272,139,207,457,70,212,31,19.5,59,22
2025-12-01,Pune,245,123,171,314,54,221,37,21.3,0,30
2025-12-01,Hyderabad,203,100,147,425,65,348,40,27.8,132,34
